1,1,1,1,69,5,5,4,2,2,4,4,6,3,2,4,4,3,3,7,4,4,3
2,1,1,2,76,3,4,2,5,5,7,5,5,5,3,4,4,4,5,4,2,3,6
3,1,1,3,72,3,5,6,5,2,6,4,4,3,2,5,6,4,2,7,3,2,3
4,1,1,4,68,2,3,2,6,2,5,3,6,4,2,2,6,6,5,4,3,3,4
5,1,1,5,77,6,3,5,4,5,7,5,3,2,5,4,5,4,5,4,3,5,2
6,1,1,6,73,5,5,4,3,4,3,6,4,3,6,4,3,4,2,5,5,4,3
7,1,1,7,79,4,2,6,5,5,5,5,6,6,6,2,2,2,6,5,5,3,4
8,1,1,8,67,6,2,4,4,3,3,3,4,2,6,4,3,5,5,4,5,2,2
9,1,1,9,81,5,4,4,6,4,7,4,6,3,4,5,2,5,3,6,5,5,3
10,1,1,10,70,2,3,5,2,6,7,2,5,2,6,3,4,3,4,5,4,4,3
11,1,1,11,76,3,3,4,4,6,6,3,6,3,6,3,4,6,2,3,5,4,5
12,1,1,12,72,4,2,5,3,3,7,2,3,4,6,5,3,4,6,4,3,2,6
13,1,1,13,62,4,2,3,2,3,7,3,5,3,5,3,2,4,2,3,2,4,5
14,1,1,14,82,5,4,3,5,4,4,4,6,4,3,5,6,4,4,5,6,6,4
15,1,1,15,75,4,4,2,6,6,6,3,3,3,2,4,5,3,6,5,2,6,5
16,1,2,1,78,2,5,6,5,3,3,2,3,6,3,4,6,6,4,7,3,6,4
17,1,2,2,68,4,5,4,2,3,5,5,3,2,4,4,3,4,2,7,3,2,6
18,1,2,3,78,5,5,2,4,5,7,5,2,5,5,4,4,5,6,3,3,5,3
19,1,2,4,74,6,3,6,6,6,3,4,5,2,4,3,3,2,6,7,2,2,4
20,1,2,5,83,6,5,5,2,5,5,6,4,4,5,2,3,4,6,4,6,6,5
21,1,2,6,72,5,5,4,2,4,3,2,5,4,3,5,5,6,3,5,3,5,3
22,1,2,7,66,6,5,6,3,4,4,3,2,2,4,2,3,5,4,3,5,3,2
23,1,2,8,73,5,2,2,6,4,6,2,3,6,6,5,3,4,5,7,2,2,3
24,1,2,9,78,4,3,6,4,2,3,4,5,4,2,4,5,6,6,7,5,6,2
25,1,2,10,65,2,4,3,3,2,4,4,3,2,3,2,6,4,6,5,6,3,3
26,1,2,11,68,2,5,3,2,5,5,4,4,3,3,5,2,5,6,3,4,2,5
27,1,2,12,73,2,5,2,2,4,3,6,4,6,5,4,3,3,6,4,5,6,3
28,1,2,13,70,4,3,5,6,4,4,5,5,3,2,4,5,2,4,3,4,3,4
29,1,2,14,67,5,2,5,2,3,3,3,2,4,5,5,5,4,6,4,2,4,3
30,1,2,15,67,6,2,6,3,2,3,6,4,4,3,3,3,5,2,6,4,2,3
31,2,3,16,66,3,3,4,4,5,4,2,5,2,2,3,6,3,2,6,6,2,4
32,2,3,17,70,4,4,2,2,5,3,3,6,6,5,2,6,3,2,6,4,5,2
33,2,3,18,72,5,5,2,2,3,6,5,4,2,4,3,2,6,6,3,3,6,5
34,2,3,19,67,4,3,2,3,2,4,6,3,6,4,5,2,3,3,4,6,4,3
35,2,3,20,66,5,3,2,6,2,3,4,2,5,5,2,3,3,5,3,4,6,3
36,2,3,21,69,5,5,4,5,2,7,4,4,2,6,4,3,3,3,3,3,2,4
37,2,3,22,86,2,4,3,3,3,7,5,2,6,6,5,6,5,6,7,6,4,6
38,2,3,23,74,5,3,5,3,4,7,5,3,3,6,4,5,2,2,4,3,5,5
39,2,3,24,70,4,3,3,4,5,3,2,4,5,2,3,5,5,3,4,6,4,5
40,2,3,25,76,5,2,4,4,6,7,6,3,3,2,3,5,6,4,6,2,4,4
41,2,3,26,72,4,3,4,4,2,7,2,2,4,6,5,2,4,6,7,2,2,6
42,2,3,27,73,3,5,2,4,4,4,2,6,6,6,2,4,5,3,7,6,2,2
43,2,3,28,66,5,4,2,3,2,6,6,4,2,4,2,5,2,2,5,3,6,3
44,2,3,29,77,4,5,6,6,6,3,2,2,6,3,3,4,4,2,5,4,6,6
45,2,3,30,77,2,5,3,5,6,7,2,4,6,6,2,6,3,3,4,3,4,6
46,2,4,16,83,6,4,3,6,4,5,5,5,4,5,4,2,6,6,7,2,4,5
47,2,4,17,72,6,4,4,2,6,5,2,3,2,4,3,3,6,4,3,6,5,4
48,2,4,18,76,2,3,5,6,5,4,4,3,6,3,2,5,4,3,7,5,5,4
49,2,4,19,76,6,3,3,5,3,5,4,4,3,5,5,3,2,5,6,6,6,2
50,2,4,20,71,6,3,3,4,2,5,4,3,4,5,2,3,5,3,7,3,3,6
51,2,4,21,70,5,3,4,2,3,6,2,3,4,6,5,4,6,3,5,4,3,2
52,2,4,22,71,4,3,3,4,3,5,4,2,4,4,5,4,3,2,7,2,6,6
53,2,4,23,75,3,4,5,2,4,5,6,4,3,3,4,4,3,5,7,3,6,4
54,2,4,24,67,4,2,5,2,6,3,4,3,2,2,2,4,3,5,6,6,3,5
55,2,4,25,65,6,4,2,4,2,4,2,5,3,3,4,2,2,6,4,4,3,5
56,2,4,26,80,5,3,6,5,6,4,4,6,2,3,5,6,4,6,3,4,5,3
57,2,4,27,65,3,3,3,3,2,6,2,3,6,2,3,2,6,5,3,2,5,6
58,2,4,28,69,4,4,3,5,3,5,4,5,4,5,2,3,3,2,5,3,5,4
59,2,4,29,81,3,5,5,4,3,7,6,5,5,6,5,4,2,3,7,4,3,4
60,2,4,30,73,4,2,5,4,3,7,6,3,2,4,2,4,4,3,6,5,6,3
61,2,5,16,75,3,4,3,5,3,4,6,2,4,5,4,5,3,6,6,2,5,5
62,2,5,17,80,6,4,3,3,4,6,6,3,3,3,5,3,6,6,6,6,2,5
63,2,5,18,67,2,5,5,6,2,4,4,4,6,4,2,2,3,2,5,4,5,2
64,2,5,19,79,5,4,5,2,3,4,3,6,5,6,2,4,3,6,7,4,4,6
65,2,5,20,82,6,5,5,6,3,6,6,4,3,6,3,6,4,6,3,3,3,4
66,2,5,21,67,2,3,5,3,5,7,5,2,2,4,2,2,2,3,4,5,6,5
67,2,5,22,84,2,3,5,5,6,5,6,4,4,5,2,5,5,6,7,4,6,4
68,2,5,23,74,4,2,2,6,6,5,2,2,2,5,4,5,6,3,7,5,3,5
69,2,5,24,75,4,2,5,5,5,7,5,4,4,5,3,5,3,6,3,2,3,4
70,2,5,25,66,3,4,4,3,4,3,2,4,3,4,5,3,5,4,3,3,6,3
71,2,5,26,69,2,3,3,2,6,7,2,2,3,3,5,6,3,6,3,6,4,3
72,2,5,27,73,3,3,5,4,3,3,6,5,3,6,3,5,4,2,3,6,3,6
73,2,5,28,73,2,2,3,4,4,6,5,5,4,5,4,2,5,2,4,5,5,6
74,2,5,29,80,4,2,2,5,2,7,4,5,6,5,3,5,3,6,4,5,6,6
75,2,5,30,78,6,5,3,5,5,5,5,6,4,5,2,3,4,6,3,6,3,2
76,2,6,16,70,6,2,6,4,4,5,4,3,2,2,3,2,3,5,6,4,5,4
77,2,6,17,70,2,5,2,6,6,6,3,5,6,2,2,4,4,3,3,2,4,5
78,2,6,18,74,4,5,3,2,6,7,2,3,5,5,4,2,2,6,3,3,6,6
79,2,6,19,64,2,4,4,2,5,6,2,5,3,6,2,2,3,3,3,4,3,5
80,2,6,20,71,6,2,2,2,2,6,5,4,6,6,3,3,4,3,4,5,5,3
81,2,6,21,77,3,3,2,5,5,7,3,3,2,5,4,4,5,3,6,6,6,5
82,2,6,22,66,4,5,3,6,3,5,3,3,3,2,3,3,3,3,6,5,4,2
83,2,6,23,66,5,3,5,2,5,3,4,6,3,4,3,4,2,4,5,2,4,2
84,2,6,24,77,4,2,6,2,5,7,2,4,6,6,2,3,6,2,6,6,5,3
85,2,6,25,70,5,2,2,6,3,3,4,6,5,2,2,2,5,5,5,3,5,5
86,2,6,26,60,3,3,5,5,5,3,2,2,4,2,2,2,3,3,3,6,3,4
87,2,6,27,73,5,3,3,3,3,7,3,3,2,6,5,5,6,2,7,6,2,2
88,2,6,28,81,5,4,4,4,3,3,6,6,2,5,3,4,4,3,7,6,6,6
89,2,6,29,63,5,4,5,2,5,3,5,3,3,6,2,2,2,2,3,4,2,5
90,2,6,30,77,2,5,6,6,4,3,4,6,6,2,2,3,3,6,5,5,3,6
91,3,7,28,68,4,5,3,3,3,6,6,6,5,4,2,3,2,2,4,3,2,5
92,3,7,29,69,5,5,6,2,2,3,3,6,6,3,5,3,4,2,6,2,4,2
93,3,7,30,77,3,2,6,2,6,5,2,4,6,3,3,6,4,5,7,2,5,6
94,3,7,1,77,6,4,6,3,5,4,3,5,2,5,5,5,4,4,3,3,4,6
95,3,7,2,62,5,5,2,4,2,4,4,2,3,3,4,2,4,5,3,4,2,4
96,3,7,3,68,2,5,2,4,6,3,6,4,2,3,2,4,2,4,6,4,4,5
97,3,7,4,76,3,5,2,3,3,7,5,3,4,6,4,6,3,3,4,5,4,6
98,3,7,5,65,2,3,5,2,6,6,4,4,2,2,2,4,6,3,4,4,3,3
99,3,7,6,78,4,2,5,4,2,5,6,4,2,4,4,6,6,4,5,6,4,5
100,3,7,7,73,4,4,6,3,2,6,3,6,2,3,2,5,2,6,4,3,6,6
101,3,7,8,80,5,5,6,6,4,4,6,2,2,3,4,4,5,6,6,5,5,2
102,3,7,9,72,3,3,4,3,5,3,3,2,6,4,4,5,4,5,6,6,4,2
103,3,7,10,64,2,4,4,3,4,7,2,4,6,5,3,2,4,2,3,2,5,2
104,3,7,11,82,6,3,2,3,4,4,5,5,3,6,4,6,6,6,4,5,5,5
105,3,7,12,73,3,2,3,4,6,5,3,3,5,5,3,4,5,2,6,5,6,3
106,3,8,28,82,5,3,2,3,5,5,6,6,6,6,5,6,6,6,3,3,3,3
107,3,8,29,76,4,4,3,4,4,5,4,6,5,5,2,3,5,2,7,4,5,4
108,3,8,30,71,4,2,4,4,2,7,3,2,5,4,4,6,5,3,6,3,4,3
109,3,8,1,68,2,3,5,2,3,3,2,5,5,4,5,6,3,5,4,2,6,3
110,3,8,2,69,3,4,4,5,3,3,3,6,3,3,2,5,3,3,7,2,4,6
111,3,8,3,76,3,3,6,3,6,6,2,6,2,3,4,3,4,5,6,5,3,6
112,3,8,4,87,3,5,6,4,6,3,6,5,6,6,4,5,5,6,4,6,5,2
113,3,8,5,65,2,5,4,6,2,4,2,3,4,4,2,3,4,4,7,3,2,4
114,3,8,6,83,5,4,5,6,5,3,2,6,2,6,4,6,6,4,7,6,3,3
115,3,8,7,71,2,5,2,4,5,7,2,2,4,4,5,5,6,3,6,3,3,3
116,3,8,8,75,3,4,2,5,5,3,5,3,6,6,3,5,6,3,5,2,6,3
117,3,8,9,67,3,5,3,3,6,4,2,5,6,3,2,6,4,2,6,2,3,2
118,3,8,10,76,4,3,6,2,5,7,4,6,4,2,5,2,4,3,6,6,4,3
119,3,8,11,59,5,3,5,4,2,3,3,2,3,2,2,4,5,3,3,6,2,2
120,3,8,12,74,2,4,6,4,6,6,6,2,3,2,4,6,4,2,5,3,5,4
121,3,9,28,57,4,4,5,2,2,3,2,2,2,3,3,6,2,2,3,6,4,2
122,3,9,29,71,4,3,3,4,2,5,6,5,2,2,4,6,4,6,4,4,2,5
123,3,9,30,77,2,4,5,6,4,7,4,3,6,2,5,5,6,4,5,2,3,4
124,3,9,1,68,4,4,2,3,2,6,4,5,2,4,5,3,3,3,4,6,4,4
125,3,9,2,70,4,3,6,3,2,6,2,3,4,5,3,3,5,2,4,6,5,4
126,3,9,3,77,6,4,3,5,5,4,6,4,4,2,4,3,4,6,7,2,2,6
127,3,9,4,77,3,5,4,6,2,6,6,6,3,4,5,5,2,5,4,6,3,2
128,3,9,5,76,4,2,4,2,5,6,6,4,4,3,3,6,2,6,5,6,4,4
129,3,9,6,77,4,4,4,3,4,4,2,5,2,5,5,5,5,2,7,4,6,6
130,3,9,7,80,4,5,4,6,6,5,6,6,4,2,2,2,2,6,5,4,5,6
131,3,9,8,67,3,4,4,3,2,3,4,6,4,3,5,4,3,2,4,6,3,4
132,3,9,9,86,6,3,6,4,6,6,6,3,2,6,4,6,5,2,7,6,2,6
133,3,9,10,60,4,2,2,5,4,4,4,2,3,3,2,5,2,5,3,6,2,2
134,3,9,11,69,4,3,2,4,5,3,6,2,3,5,2,4,6,4,3,5,3,5
135,3,9,12,81,4,4,4,6,6,4,2,5,2,5,4,5,6,3,7,5,5,4
136,4,10,13,80,4,6,3,6,2,6,5,2,4,4,5,3,5,4,3,7,6,5
137,4,10,14,68,5,5,2,4,4,5,4,4,4,2,2,5,2,3,5,3,4,5
138,4,10,15,60,3,3,3,3,3,2,5,5,2,3,4,4,3,4,2,7,2,2
139,4,10,16,74,5,4,2,4,4,2,6,3,6,4,2,4,5,6,2,3,6,6
140,4,10,17,70,6,4,4,2,3,5,7,2,5,2,3,2,2,3,3,7,6,4
141,4,10,18,68,2,3,5,2,6,5,3,3,4,5,2,5,5,2,4,6,3,3
142,4,10,19,69,4,2,4,3,3,3,3,2,4,5,3,5,4,5,3,6,5,5
143,4,10,20,71,3,5,3,4,3,2,5,2,3,5,5,3,5,5,4,5,5,4
144,4,10,21,74,3,2,5,6,2,4,7,6,5,4,5,3,4,5,2,6,2,3
145,4,10,22,67,3,2,4,4,3,4,3,2,4,4,6,3,5,2,2,5,5,6
146,4,10,23,70,2,4,2,3,3,4,7,5,3,4,2,5,2,5,5,7,5,2
147,4,10,24,77,5,3,5,6,5,2,6,3,2,5,3,3,6,6,6,4,3,4
148,4,10,25,78,5,2,5,6,3,2,6,3,6,4,6,4,5,3,6,4,4,4
149,4,10,26,74,6,6,2,3,4,5,6,3,4,6,6,2,5,2,3,3,5,3
150,4,10,27,63,3,5,3,2,2,4,3,2,5,5,5,2,6,3,2,7,2,2
151,4,11,13,70,3,3,3,5,4,5,5,4,4,2,3,2,6,6,3,6,2,4
152,4,11,14,74,5,2,3,5,5,4,3,5,4,3,6,5,5,2,2,3,6,6
153,4,11,15,75,5,2,3,5,4,5,3,3,4,3,5,4,5,6,5,4,6,3
154,4,11,16,71,2,2,5,3,4,6,3,3,3,6,5,3,5,5,4,5,5,2
155,4,11,17,69,4,5,2,5,3,4,3,3,3,2,4,4,5,4,5,4,4,5
156,4,11,18,75,6,4,5,3,4,2,4,4,3,6,5,2,2,6,5,6,5,3
157,4,11,19,67,3,3,5,5,6,2,3,6,5,2,4,2,3,2,2,6,6,2
158,4,11,20,69,3,3,4,2,6,6,6,2,4,4,5,2,5,2,2,7,2,4
159,4,11,21,68,2,6,2,4,4,5,5,3,2,6,3,2,4,3,3,5,3,6
160,4,11,22,60,5,2,3,2,2,4,4,5,2,5,5,2,2,2,4,3,2,6
161,4,11,23,77,3,5,4,6,5,6,7,3,2,6,4,5,3,2,4,4,2,6
162,4,11,24,77,2,6,5,5,6,4,3,5,3,3,5,5,6,3,5,4,4,3
163,4,11,25,73,5,2,3,4,2,5,4,6,6,2,6,5,6,2,2,5,6,2
164,4,11,26,79,3,2,5,3,6,6,7,3,4,5,5,3,5,3,4,3,6,6
165,4,11,27,64,5,3,3,2,2,6,3,3,3,2,6,3,6,2,3,4,2,6
166,4,12,13,70,6,5,4,2,5,3,7,4,2,4,6,3,2,4,4,3,2,4
167,4,12,14,71,4,5,2,6,2,5,5,3,5,3,2,3,2,4,4,6,5,5
168,4,12,15,79,4,3,5,4,6,2,3,6,5,6,5,4,6,5,5,5,3,2
169,4,12,16,72,3,5,5,2,4,6,4,4,5,2,6,3,3,2,6,6,4,2
170,4,12,17,63,4,5,5,2,2,3,5,2,4,6,3,2,5,5,2,4,2,2
171,4,12,18,78,6,5,4,6,3,4,5,4,5,6,6,3,2,6,2,3,3,5
172,4,12,19,65,2,4,5,5,2,5,4,2,2,6,2,4,5,2,2,7,4,2
173,4,12,20,75,2,3,2,4,4,2,7,6,6,3,5,5,3,5,6,5,3,4
174,4,12,21,65,2,5,3,3,2,3,7,2,6,2,2,2,3,4,4,7,4,4
175,4,12,22,72,5,2,3,5,2,5,5,2,6,5,4,5,2,4,6,5,2,4
176,4,12,23,71,5,5,5,2,2,6,3,2,3,6,3,3,3,5,4,6,6,2
177,4,12,24,74,5,4,2,6,3,3,7,3,5,3,3,2,6,5,3,6,3,5
178,4,12,25,76,4,6,4,6,4,3,6,3,4,5,4,5,4,4,2,7,3,2
179,4,12,26,68,2,2,3,4,3,3,4,4,6,6,3,5,3,5,4,3,4,4
180,4,12,27,70,2,3,3,5,3,6,5,5,2,6,4,2,5,2,4,4,6,3
181,5,13,25,66,6,6,4,6,2,3,3,2,3,4,3,4,3,2,4,7,2,2
182,5,13,26,71,3,2,3,5,6,4,6,2,6,6,4,2,2,5,6,3,4,2
183,5,13,27,67,2,4,5,4,3,3,5,5,3,2,4,5,3,2,3,7,5,2
184,5,13,28,73,2,2,3,5,5,5,7,3,5,5,5,4,2,5,5,3,4,3
185,5,13,29,86,3,6,4,5,6,4,7,6,6,5,6,2,6,3,5,5,4,3
186,5,13,30,65,2,4,3,6,6,3,4,2,2,2,3,4,2,3,2,6,5,6
187,5,13,1,78,5,6,5,3,5,3,4,5,2,5,4,4,5,3,6,5,2,6
188,5,13,2,77,6,6,5,2,6,2,3,6,6,4,4,4,3,6,3,3,3,5
189,5,13,3,74,6,6,2,6,5,2,5,5,4,5,4,3,2,2,2,6,6,3
190,5,13,4,70,2,3,4,5,4,2,6,5,6,5,3,2,5,4,3,5,4,2
191,5,13,5,66,2,3,4,3,5,2,3,2,3,3,2,5,3,6,3,7,6,4
192,5,13,6,76,5,6,2,5,4,5,7,4,4,5,6,3,2,2,6,6,2,2
193,5,13,7,64,6,3,5,3,5,2,5,5,5,2,2,3,4,2,4,4,2,2
194,5,13,8,72,3,3,3,5,3,3,7,3,2,6,2,5,6,4,4,4,6,3
195,5,13,9,74,3,4,2,5,5,3,7,6,2,4,4,2,5,5,2,7,3,5
196,5,14,25,75,3,3,4,4,4,2,7,4,4,6,5,3,5,2,6,5,5,3
197,5,14,26,82,2,2,2,6,6,6,6,5,3,6,6,4,5,6,4,3,6,4
198,5,14,27,70,2,6,2,6,5,3,4,2,5,5,5,4,2,5,5,4,3,2
199,5,14,28,74,3,6,4,2,6,3,3,5,3,2,5,2,3,5,5,7,4,6
200,5,14,29,74,6,6,2,4,3,4,5,6,6,3,4,2,4,2,3,6,3,5
201,5,14,30,71,2,2,5,5,5,6,5,3,3,5,5,2,2,2,5,4,5,5
202,5,14,1,65,4,5,3,5,3,3,3,3,4,3,4,3,2,5,4,5,3,3
203,5,14,2,75,3,5,5,2,2,4,5,6,2,5,5,5,6,3,4,4,6,3
204,5,14,3,76,2,2,3,4,5,6,5,4,3,5,5,4,6,6,4,4,2,6
205,5,14,4,73,3,3,2,5,2,4,7,6,2,6,2,3,3,2,6,6,5,6
206,5,14,5,61,5,3,5,5,4,2,3,3,2,2,2,3,2,2,2,6,4,6
207,5,14,6,67,2,5,4,6,2,3,4,3,6,5,2,5,2,5,2,5,2,4
208,5,14,7,80,3,5,2,3,5,3,6,4,6,5,5,3,6,6,4,5,4,5
209,5,14,8,66,5,3,2,3,4,2,4,3,3,4,6,3,3,4,3,4,4,6
210,5,14,9,70,4,4,5,4,4,3,4,6,6,3,5,2,4,2,3,4,5,2
211,6,15,10,78,4,3,4,5,5,3,5,4,5,2,3,4,5,6,6,5,4,5
212,6,15,11,69,3,5,3,5,5,2,5,5,4,4,6,2,5,3,2,6,2,2
213,6,15,12,85,6,2,3,6,6,6,4,6,4,3,6,3,3,5,5,6,5,6
214,6,15,13,73,2,4,3,4,6,4,3,3,6,2,4,5,3,3,6,6,5,4
215,6,15,14,75,6,4,2,4,5,3,5,4,5,5,3,3,2,2,6,6,4,6
216,6,15,15,79,4,4,4,4,6,5,7,6,4,5,2,4,5,5,3,4,4,3
217,6,15,16,80,6,3,4,6,6,6,7,3,5,3,4,2,5,3,6,6,3,2
218,6,15,17,76,4,6,5,6,5,3,3,2,6,5,6,2,4,3,5,3,4,4
219,6,15,18,75,6,5,3,6,6,5,5,6,6,3,4,3,2,4,3,4,2,2
220,6,15,19,77,5,3,2,4,5,5,7,2,2,3,5,5,6,6,5,7,2,3
221,6,15,20,69,2,2,3,3,5,3,7,4,2,3,2,4,6,6,6,4,2,5
222,6,15,21,76,6,6,3,5,6,3,6,2,4,3,2,2,4,6,2,6,6,4
223,6,15,22,67,6,4,4,2,4,6,3,3,3,2,3,4,6,2,3,4,5,3
224,6,15,23,78,2,5,4,5,4,6,4,5,5,4,2,3,6,2,4,6,6,5
225,6,15,24,68,2,6,2,5,4,4,5,5,2,3,5,4,3,4,3,6,2,3
226,6,16,10,85,6,6,5,6,4,4,4,3,4,4,5,5,4,5,5,6,3,6
227,6,16,11,80,4,5,2,2,4,6,6,3,5,4,6,5,5,3,6,5,5,4
228,6,16,12,66,2,4,2,3,2,2,6,4,2,4,6,4,5,2,6,6,2,4
229,6,16,13,73,3,6,5,6,3,4,7,2,4,3,3,3,4,3,5,6,4,2
230,6,16,14,68,2,4,2,2,3,2,7,3,3,6,5,2,6,5,2,4,5,5
231,6,16,15,78,4,5,4,4,6,6,5,4,4,6,6,2,4,2,5,3,4,4
232,6,16,16,70,4,5,5,5,2,4,4,3,4,5,2,5,3,6,2,4,2,5
233,6,16,17,77,3,3,5,2,4,6,6,5,5,4,4,3,4,6,4,4,5,4
234,6,16,18,71,2,3,2,6,2,5,6,4,4,2,6,4,6,5,2,7,3,2
235,6,16,19,72,3,5,5,5,3,3,5,3,5,3,5,5,2,4,2,5,5,4
236,6,16,20,74,3,4,2,5,5,3,4,4,5,4,6,5,4,6,3,6,3,2
237,6,16,21,63,2,5,2,4,2,3,4,3,3,2,5,3,4,4,3,7,4,3
238,6,16,22,68,3,3,3,4,6,3,5,4,3,4,2,3,3,4,5,4,3,6
239,6,16,23,67,6,2,4,2,2,2,5,2,5,5,3,4,5,3,4,6,2,5
240,6,16,24,64,2,5,2,5,3,5,6,4,5,2,4,2,4,2,2,5,4,2
241,6,17,10,85,4,3,5,5,6,6,6,6,6,5,2,3,2,5,5,5,6,5
242,6,17,11,78,5,4,3,3,3,2,7,3,5,6,5,5,5,2,4,5,5,6
243,6,17,12,71,4,6,2,4,6,4,3,5,4,2,2,3,2,4,4,6,4,6
244,6,17,13,65,3,5,5,5,4,4,3,2,4,2,2,4,6,4,2,3,2,5
245,6,17,14,71,4,4,4,3,3,5,6,2,2,3,6,4,4,2,5,4,4,6
246,6,17,15,72,6,3,3,3,6,6,4,6,5,3,4,5,2,3,3,6,2,2
247,6,17,16,77,5,6,3,4,4,5,5,6,4,4,6,5,4,2,4,5,2,3
248,6,17,17,64,4,2,4,3,4,3,4,3,3,5,3,3,3,5,4,4,4,3
249,6,17,18,61,3,2,3,2,2,6,3,5,2,6,5,3,6,2,2,5,2,2
250,6,17,19,82,6,6,5,2,6,2,6,5,3,4,6,4,6,3,5,3,4,6
251,6,17,20,73,3,5,3,4,3,3,6,5,3,5,6,4,6,2,3,3,4,5
252,6,17,21,68,5,5,5,2,4,4,6,4,6,2,3,2,2,2,5,3,5,3
253,6,17,22,79,4,5,3,4,5,6,6,4,4,5,2,5,2,4,6,5,4,5
254,6,17,23,72,4,6,3,2,2,5,5,5,5,2,3,5,6,3,5,3,6,2
255,6,17,24,68,5,4,3,4,3,3,6,3,2,3,3,4,3,5,5,7,2,3
256,6,18,10,71,4,4,4,5,5,3,4,3,5,4,4,2,3,3,5,3,5,5
257,6,18,11,85,4,3,5,6,6,6,6,5,5,3,5,4,3,4,3,6,5,6
258,6,18,12,80,6,2,5,6,6,4,4,5,6,2,3,2,6,3,5,5,4,6
259,6,18,13,79,4,6,4,3,6,5,5,6,5,4,2,4,2,4,6,4,5,4
260,6,18,14,72,2,3,3,5,3,4,3,5,6,5,4,2,2,5,5,7,4,4
261,6,18,15,68,3,2,4,2,2,2,5,2,4,3,5,5,6,3,4,6,4,6
262,6,18,16,78,2,5,4,4,2,4,7,4,3,4,6,5,5,3,5,7,4,4
263,6,18,17,72,5,2,3,6,2,5,4,6,2,2,6,2,3,4,5,5,4,6
264,6,18,18,84,2,6,5,4,6,6,6,3,6,6,4,4,4,4,5,7,2,4
265,6,18,19,65,3,5,5,3,6,5,3,4,3,4,5,4,2,4,2,3,2,2
266,6,18,20,68,5,2,2,6,5,5,3,2,4,2,4,4,2,6,5,4,3,4
267,6,18,21,80,6,3,3,2,5,4,7,6,5,5,2,3,6,3,5,6,3,6
268,6,18,22,69,4,5,4,2,2,6,4,5,5,5,2,2,4,4,4,3,6,2
269,6,18,23,78,5,4,4,2,6,3,5,5,6,4,3,3,3,6,6,3,5,5
270,6,18,24,75,5,5,5,3,5,4,3,3,2,4,5,2,6,6,3,6,5,3
271,7,19,22,77,4,3,6,4,7,2,2,3,2,6,3,6,7,3,5,5,3,6
272,7,19,23,73,5,3,6,6,4,2,6,3,2,4,4,6,5,3,3,2,3,6
273,7,19,24,75,4,3,4,4,4,3,5,2,3,5,2,6,6,6,5,5,2,6
274,7,19,25,73,3,5,4,3,7,4,4,5,2,6,5,6,6,2,3,2,4,2
275,7,19,26,81,2,5,5,6,7,3,5,6,2,2,3,6,6,5,6,6,2,4
276,7,19,27,80,5,5,4,4,3,3,6,2,4,6,6,6,6,2,5,4,4,5
277,7,19,28,73,4,3,4,2,7,5,6,3,3,4,4,5,5,2,6,2,2,6
278,7,19,29,65,3,2,2,4,3,3,2,3,3,5,6,5,3,6,5,2,4,4
279,7,19,30,67,3,2,3,4,3,2,4,4,5,6,4,5,5,5,3,3,4,2
280,7,19,1,63,2,2,2,4,5,2,3,4,2,5,4,2,6,6,3,2,4,5
281,7,19,2,74,6,5,3,2,3,2,6,4,5,6,2,6,5,4,6,2,4,3
282,7,19,3,71,6,6,2,6,3,2,6,2,4,6,2,2,6,4,2,3,5,4
283,7,19,4,68,2,6,4,5,4,4,4,3,4,3,2,2,5,2,6,5,3,4
284,7,19,5,68,3,3,3,3,5,2,2,4,4,5,4,3,7,2,5,4,5,4
285,7,19,6,77,2,4,2,4,6,4,6,4,4,4,5,5,5,6,5,4,3,4
286,7,20,22,77,5,4,5,5,4,6,4,6,3,5,3,6,3,3,4,4,3,4
287,7,20,23,86,3,5,2,2,6,6,6,6,5,5,5,4,7,6,6,4,3,5
288,7,20,24,82,5,4,6,5,3,5,3,6,3,6,6,3,4,6,6,6,2,3
289,7,20,25,72,3,5,5,3,4,4,3,5,5,5,5,2,6,3,2,6,4,2
290,7,20,26,81,3,3,6,5,5,4,2,3,4,6,6,6,5,6,2,4,5,6
291,7,20,27,81,6,3,3,6,7,6,5,3,4,6,5,3,6,2,3,5,5,3
292,7,20,28,88,3,6,5,4,6,4,6,5,5,4,5,6,6,5,4,5,3,6
293,7,20,29,70,6,4,6,2,6,3,5,2,2,2,4,3,5,2,3,5,5,5
294,7,20,30,65,4,3,3,4,3,4,6,2,2,4,5,4,4,2,2,5,3,5
295,7,20,1,74,4,4,2,5,5,5,3,3,4,2,3,3,7,6,5,3,4,6
296,7,20,2,68,3,5,3,3,6,6,5,3,4,3,3,3,5,2,5,2,3,4
297,7,20,3,63,2,4,2,2,6,4,6,2,4,4,2,3,3,4,3,3,3,6
298,7,20,4,63,5,2,6,2,7,4,2,3,3,3,2,2,5,2,4,4,2,5
299,7,20,5,69,4,2,5,6,7,2,2,6,3,3,3,4,6,5,3,2,3,3
300,7,20,6,76,3,5,2,5,4,5,6,5,4,4,6,3,7,5,4,2,3,3
301,7,21,22,73,2,6,6,2,4,5,2,5,5,3,2,2,5,6,6,4,5,3
302,7,21,23,73,2,2,2,6,7,4,2,3,5,4,3,5,3,4,6,5,5,5
303,7,21,24,62,3,4,4,5,4,2,5,3,2,2,2,3,4,2,6,3,2,6
304,7,21,25,69,2,2,6,3,6,3,5,6,2,3,4,3,4,6,4,3,4,3
305,7,21,26,74,6,3,3,4,4,6,4,2,4,4,6,6,5,6,2,2,2,5
306,7,21,27,76,6,6,6,4,4,4,2,3,5,4,2,4,5,4,6,5,2,4
307,7,21,28,76,2,6,2,4,4,4,4,5,2,2,6,5,6,6,6,4,4,4
308,7,21,29,70,2,3,6,3,3,5,5,5,3,5,3,3,4,5,5,2,5,3
309,7,21,30,75,5,2,5,5,3,5,4,3,5,4,5,4,3,3,3,6,4,6
310,7,21,1,81,5,4,4,4,6,5,6,2,5,5,5,2,7,4,5,5,4,3
311,7,21,2,65,4,2,2,4,3,4,2,6,3,5,2,4,5,4,3,6,2,4
312,7,21,3,69,6,4,4,3,3,2,4,2,3,5,5,2,5,4,6,3,4,4
313,7,21,4,75,4,5,5,4,7,6,4,5,2,4,5,2,4,2,5,4,4,3
314,7,21,5,65,2,3,2,2,3,5,3,2,5,4,4,3,7,6,2,5,3,4
315,7,21,6,69,5,4,6,4,3,2,5,3,2,6,2,2,5,3,3,6,2,6
316,7,22,22,81,4,6,5,5,3,6,5,6,2,3,4,6,7,5,3,5,2,4
317,7,22,23,77,6,3,6,5,5,4,3,6,3,2,4,5,6,6,3,4,2,4
318,7,22,24,76,3,4,3,4,4,6,6,5,5,3,5,4,4,3,5,6,3,3
319,7,22,25,69,3,3,5,6,5,2,2,6,5,2,5,2,5,6,2,2,4,4
320,7,22,26,76,6,6,4,2,4,6,2,5,2,2,5,4,7,5,3,6,2,5
321,7,22,27,75,3,5,5,3,5,3,5,4,3,3,2,6,7,5,5,4,2,5
322,7,22,28,66,3,6,4,2,3,5,2,5,5,3,3,3,6,2,3,5,4,2
323,7,22,29,76,5,3,5,4,7,4,4,4,5,3,3,5,7,2,5,3,2,5
324,7,22,30,62,3,5,4,3,3,2,2,6,3,2,6,2,4,2,6,2,3,4
325,7,22,1,67,2,6,3,3,7,4,2,5,3,6,4,3,4,2,4,4,3,2
326,7,22,2,68,3,4,4,2,3,5,4,3,5,4,3,3,4,4,5,6,4,2
327,7,22,3,74,2,5,2,4,5,4,4,5,2,3,2,6,7,6,4,6,3,4
328,7,22,4,82,6,5,6,3,5,5,2,5,3,3,6,5,7,5,4,4,2,6
329,7,22,5,65,5,3,4,3,5,6,3,2,2,4,2,5,5,2,3,5,4,2
330,7,22,6,76,5,6,6,4,7,3,6,3,3,5,6,3,4,2,2,4,3,4
331,8,23,7,67,6,2,6,5,4,2,2,3,5,3,2,6,5,3,2,4,3,4
332,8,23,8,77,6,2,2,3,3,4,6,6,3,5,4,6,7,6,2,4,5,3
333,8,23,9,63,4,5,2,2,6,2,4,2,5,2,2,3,7,3,6,4,2,2
334,8,23,10,69,2,6,5,6,4,2,5,3,3,2,2,4,3,6,3,3,5,5
335,8,23,11,63,3,2,4,2,7,2,3,3,4,4,6,3,5,2,6,3,2,2
336,8,23,12,73,3,6,3,4,7,6,3,2,4,2,6,4,4,3,2,6,2,6
337,8,23,13,68,3,3,3,4,4,6,3,3,4,2,4,3,5,5,5,4,4,3
338,8,23,14,74,3,3,3,6,4,5,3,2,5,3,6,5,7,3,2,6,3,5
339,8,23,15,74,4,3,2,5,4,4,5,3,2,2,6,6,7,6,3,4,4,4
340,8,23,16,64,3,5,3,2,5,5,4,4,2,3,5,5,4,5,3,2,2,2
341,8,23,17,72,6,4,6,6,5,2,4,3,4,3,2,3,6,6,4,4,2,2
342,8,23,18,79,5,2,4,2,6,5,2,5,4,6,3,4,7,6,6,6,2,4
343,8,23,19,69,5,4,6,2,3,2,4,2,2,5,5,3,6,2,4,5,5,4
344,8,23,20,70,5,5,6,5,4,6,3,3,2,4,4,4,4,4,4,2,2,3
345,8,23,21,84,5,4,5,5,7,6,3,5,4,2,5,3,7,4,5,4,4,6
346,8,24,7,78,5,4,3,3,7,4,5,6,5,5,4,3,4,2,3,5,4,6
347,8,24,8,75,2,5,5,5,6,4,5,4,3,5,2,5,3,4,3,5,5,4
348,8,24,9,68,5,2,6,6,5,2,2,3,3,2,3,3,4,2,6,5,4,5
349,8,24,10,81,4,2,5,4,7,4,6,6,2,6,3,6,5,3,5,5,5,3
350,8,24,11,79,2,2,6,6,6,5,5,3,5,4,4,3,6,3,6,4,3,6
351,8,24,12,68,4,4,2,3,4,2,4,2,3,3,6,5,7,3,2,4,4,6
352,8,24,13,72,6,2,2,6,6,2,4,4,5,4,2,2,4,5,5,6,3,4
353,8,24,14,68,2,3,2,3,7,6,5,6,3,6,2,6,4,3,2,4,2,2
354,8,24,15,71,3,4,4,5,6,4,2,6,2,5,3,6,7,3,3,2,2,4
355,8,24,16,77,3,6,4,6,4,2,3,5,4,3,5,3,6,6,4,6,5,2
356,8,24,17,61,2,2,4,4,3,5,3,6,3,3,2,3,6,2,2,4,2,5
357,8,24,18,85,6,2,6,5,7,6,4,6,3,4,4,5,6,4,6,6,2,3
358,8,24,19,54,3,2,6,2,4,2,2,3,3,2,5,2,4,2,2,3,2,5
359,8,24,20,74,5,4,3,4,5,4,6,5,2,4,2,6,4,2,6,5,4,3
360,8,24,21,71,4,6,6,3,4,6,2,6,2,2,4,4,4,3,2,6,4,3
361,8,25,7,76,6,4,4,4,5,5,5,2,4,6,6,4,3,5,3,5,3,2
362,8,25,8,84,4,2,4,5,7,3,5,5,5,5,5,3,7,2,5,6,5,6
363,8,25,9,71,4,3,6,3,3,6,2,6,3,4,6,4,3,6,3,2,2,5
364,8,25,10,76,2,4,4,5,4,6,6,5,4,6,2,6,4,5,2,6,2,3
365,8,25,11,78,5,6,6,5,6,4,2,4,4,2,2,6,3,6,6,3,2,6
366,8,25,12,72,5,2,3,4,7,5,4,5,4,3,5,3,6,3,3,3,5,2
367,8,25,13,65,3,3,3,2,4,6,2,5,3,2,2,5,4,5,6,4,3,3
368,8,25,14,83,5,4,6,5,7,6,4,5,5,2,5,4,5,3,6,4,5,2
369,8,25,15,74,4,3,3,6,3,2,6,4,5,2,4,4,7,3,3,4,5,6
370,8,25,16,69,6,2,3,6,5,3,4,4,3,5,4,2,3,6,2,3,2,6
371,8,25,17,74,2,5,6,2,4,3,6,2,5,4,2,5,6,3,6,5,2,6
372,8,25,18,67,3,2,5,3,3,6,3,2,2,6,4,6,5,4,4,2,2,5
373,8,25,19,79,6,4,2,2,7,6,6,6,4,6,2,5,4,3,3,3,4,6
374,8,25,20,75,4,3,3,4,7,6,4,6,4,3,3,4,6,2,4,4,5,3
375,8,25,21,74,2,4,2,6,4,2,6,3,4,6,4,6,4,5,6,2,5,3
376,9,26,19,78,5,4,6,5,7,2,2,6,4,6,5,2,5,5,4,2,5,3
377,9,26,20,80,6,4,5,6,7,5,5,2,4,5,5,2,4,3,3,5,5,4
378,9,26,21,70,6,4,2,4,6,5,2,3,4,3,4,6,6,3,5,2,3,2
379,9,26,22,75,6,3,3,6,7,6,4,3,2,4,5,6,3,2,3,5,2,5
380,9,26,23,79,5,2,4,2,6,6,5,6,5,5,6,4,4,3,5,6,2,3
381,9,26,24,74,2,5,2,4,7,4,4,3,5,4,4,6,4,3,2,5,5,5
382,9,26,25,64,2,6,2,3,5,3,3,3,4,4,2,5,5,4,2,4,2,5
383,9,26,26,67,4,3,4,2,5,2,3,3,4,3,6,2,6,6,3,4,2,5
384,9,26,27,66,5,4,3,6,3,3,4,4,5,6,2,2,3,3,5,2,2,4
385,9,26,28,69,5,4,3,2,4,5,4,4,3,5,4,3,5,3,3,6,4,2
386,9,26,29,78,3,3,5,6,6,2,2,4,4,4,6,5,7,2,4,6,4,5
387,9,26,30,62,3,4,2,2,5,3,4,4,2,2,5,5,4,3,3,5,4,2
388,9,26,1,87,6,3,6,4,6,6,5,4,4,5,6,5,7,3,4,5,3,5
389,9,26,2,71,2,4,6,2,6,6,4,2,2,5,5,3,6,2,5,5,4,2
390,9,26,3,71,6,5,4,2,5,3,2,2,4,6,3,4,7,5,5,2,2,4
391,9,27,19,68,4,5,3,2,7,2,4,2,5,6,2,2,3,6,4,2,5,4
392,9,27,20,72,3,6,2,5,7,6,3,3,3,2,3,5,4,4,2,6,4,4
393,9,27,21,69,5,4,2,2,5,2,3,2,4,6,4,4,7,6,4,2,5,2
394,9,27,22,61,3,2,6,2,3,2,2,4,2,4,3,2,6,5,4,2,5,4
395,9,27,23,61,2,2,4,4,6,2,5,4,4,2,2,2,4,4,3,2,3,6
396,9,27,24,73,3,5,4,4,6,2,6,6,5,5,6,4,5,4,2,2,2,2
397,9,27,25,85,6,4,3,5,7,6,6,4,4,3,5,5,7,5,2,2,5,6
398,9,27,26,75,5,4,6,2,3,3,4,5,3,6,4,3,6,5,6,2,4,4
399,9,27,27,61,5,3,6,4,4,2,4,3,2,3,5,2,4,3,2,3,2,4
400,9,27,28,75,6,6,6,5,3,6,3,6,3,5,2,5,3,2,4,2,3,5
401,9,27,29,74,2,4,4,6,6,4,4,3,5,3,5,2,5,3,2,6,5,5
402,9,27,30,74,6,3,5,5,4,4,4,2,3,6,2,3,5,3,4,5,5,5
403,9,27,1,75,6,3,5,5,5,4,4,5,4,4,2,6,4,5,4,2,4,3
404,9,27,2,77,6,6,2,2,7,6,3,3,4,2,5,4,6,4,4,6,4,3
405,9,27,3,67,2,3,2,2,6,2,5,5,5,4,6,3,4,3,4,2,3,6
406,10,28,4,66,4,3,3,3,4,2,6,3,3,5,2,3,3,4,5,5,3,5
407,10,28,5,68,5,4,3,3,2,3,6,2,2,3,6,6,4,4,4,3,5,3
408,10,28,6,79,2,6,4,6,2,3,5,4,5,3,4,5,6,5,3,4,6,6
409,10,28,7,71,5,6,6,2,2,5,3,4,3,4,6,2,3,2,6,2,5,5
410,10,28,8,69,3,2,3,3,2,2,5,3,5,6,5,6,5,3,2,5,6,3
411,10,28,9,72,2,6,6,3,3,5,4,3,3,6,2,5,2,5,6,3,6,2
412,10,28,10,70,4,3,4,5,4,4,4,3,4,5,4,4,2,4,2,3,6,5
413,10,28,11,76,5,4,6,3,2,6,6,6,4,4,3,4,2,3,6,6,4,2
414,10,28,12,73,5,5,6,5,3,3,3,4,3,7,5,3,5,2,2,4,2,6
415,10,28,13,64,3,5,3,4,2,2,6,4,2,3,4,3,4,5,5,3,3,3
416,10,28,14,66,2,3,3,3,4,5,7,4,2,3,6,2,4,2,6,2,5,3
417,10,28,15,69,3,3,2,6,4,2,6,5,2,5,2,3,6,3,3,6,4,4
418,10,28,16,79,5,4,2,6,4,4,3,4,6,5,6,3,3,5,2,6,6,5
419,10,28,17,77,2,3,5,2,3,4,5,2,5,6,5,6,6,4,5,5,3,6
420,10,28,18,63,2,2,6,6,2,3,4,2,4,3,4,2,2,5,4,3,6,3
421,10,29,4,75,4,4,3,3,3,4,3,6,5,6,6,4,3,2,5,5,5,4
422,10,29,5,80,6,2,5,2,4,4,7,6,4,6,6,5,4,3,3,3,6,4
423,10,29,6,73,6,3,3,5,4,4,4,3,3,6,3,4,6,2,4,3,5,5
424,10,29,7,60,3,2,3,6,3,3,4,4,2,3,5,6,2,2,3,3,3,3
425,10,29,8,67,4,4,2,3,2,3,3,4,5,6,2,2,6,4,4,3,5,5
426,10,29,9,71,3,4,6,6,3,2,4,6,6,6,4,2,2,3,4,3,2,5
427,10,29,10,75,5,2,4,4,4,4,7,4,6,3,3,5,4,4,2,5,3,6
428,10,29,11,72,4,4,3,4,5,2,5,2,3,7,5,5,6,3,4,4,4,2
429,10,29,12,83,3,5,3,6,5,4,5,3,6,5,3,3,6,3,6,5,6,6
430,10,29,13,71,4,3,4,6,2,5,4,5,5,4,4,2,2,2,3,5,6,5
431,10,29,14,77,6,2,6,6,4,3,7,2,2,7,4,4,5,5,3,3,6,2
432,10,29,15,78,5,6,3,3,3,6,7,4,6,7,5,6,2,2,5,3,3,2
433,10,29,16,76,4,6,4,3,5,3,6,2,6,3,2,6,3,5,6,6,2,4
434,10,29,17,81,4,2,5,5,5,4,6,2,5,6,5,3,4,2,6,5,6,6
435,10,29,18,77,3,6,4,2,4,5,6,6,5,4,5,6,6,2,2,3,6,2
436,11,30,1,77,6,3,6,4,3,3,5,3,5,4,4,3,3,4,6,5,6,4
437,11,30,2,78,5,6,4,4,2,5,5,5,5,3,3,3,5,4,5,3,6,5
438,11,30,3,62,3,2,5,3,2,2,3,5,2,7,5,3,5,4,2,3,3,3
439,11,30,4,84,2,3,5,6,4,6,3,6,2,4,5,4,6,5,6,5,6,6
440,11,30,5,66,4,4,6,2,5,2,3,5,2,4,3,3,4,3,2,2,6,6
441,11,30,6,73,4,4,6,6,2,6,6,5,3,4,4,3,2,5,2,4,2,5
442,11,30,7,61,3,2,2,3,2,4,6,3,4,7,2,4,2,2,5,2,2,6
443,11,30,8,68,2,3,3,6,5,6,4,3,2,3,3,6,4,3,2,5,5,3
444,11,30,16,75,3,4,6,6,3,6,3,3,4,5,6,5,4,4,3,3,2,5
445,11,30,17,70,6,4,4,3,4,2,3,4,3,4,4,5,4,3,4,4,5,4
446,11,30,18,80,6,3,3,6,3,2,6,4,5,5,4,4,5,5,3,5,5,6
447,11,30,19,75,3,2,6,2,3,6,6,3,5,6,3,6,4,4,5,2,5,4
448,11,30,20,86,5,3,5,6,4,3,3,6,4,7,3,6,6,3,6,6,5,5
449,11,30,21,84,6,3,5,6,2,2,6,5,5,5,5,6,3,5,2,6,6,6
450,11,30,22,73,6,6,3,4,3,6,5,3,3,7,3,2,4,4,4,5,2,3
451,11,31,1,71,4,2,5,4,3,6,3,4,5,3,4,5,6,4,5,2,3,3
452,11,31,2,73,3,5,5,4,5,6,5,4,5,3,2,2,4,2,3,4,5,6
453,11,31,3,73,3,5,5,2,3,3,7,2,3,3,4,5,5,5,6,5,2,5
454,11,31,4,72,3,4,2,5,5,2,6,2,5,3,6,6,5,2,2,3,5,6
455,11,31,5,65,3,6,2,2,3,2,3,2,4,5,4,2,5,4,3,3,6,6
456,11,31,6,73,5,3,6,6,2,4,3,2,2,7,4,3,4,3,4,6,5,4
457,11,31,7,82,5,6,4,2,5,3,7,6,4,5,4,6,6,2,3,6,2,6
458,11,31,8,68,5,4,2,2,4,5,3,5,3,7,6,2,3,5,6,2,2,2
459,11,31,16,69,6,4,3,4,5,2,5,4,3,5,5,3,3,4,4,3,3,3
460,11,31,17,73,4,3,4,4,2,3,5,3,6,6,5,3,3,4,6,4,5,3
461,11,31,18,66,3,3,4,5,5,4,4,2,5,4,6,2,4,3,2,3,3,4
462,11,31,19,75,6,6,4,3,3,4,3,5,5,7,3,2,2,3,6,5,2,6
463,11,31,20,66,6,2,2,2,5,2,3,6,3,4,4,4,4,5,3,5,4,2
464,11,31,21,65,5,3,2,4,2,3,4,3,2,5,5,4,3,3,4,5,4,4
465,11,31,22,82,3,6,4,4,3,6,5,5,4,3,3,6,6,5,6,2,6,5
466,11,32,1,55,2,4,3,2,2,5,4,2,2,3,4,3,2,5,2,3,3,4
467,11,32,2,68,6,2,4,5,3,3,4,5,6,3,2,3,5,3,5,3,3,3
468,11,32,3,70,3,4,3,2,5,6,4,4,2,5,6,3,4,2,5,3,4,5
469,11,32,4,75,5,2,6,2,4,3,5,2,5,4,4,5,6,2,4,6,5,5
470,11,32,5,84,4,6,6,4,5,4,7,4,6,5,2,3,4,3,3,6,6,6
471,11,32,6,81,2,4,6,6,5,6,5,5,3,6,2,3,2,5,6,6,4,5
472,11,32,7,75,2,3,4,6,4,5,6,2,4,6,5,5,6,2,3,6,2,4
473,11,32,8,73,4,2,2,3,3,4,5,2,6,5,3,6,6,2,5,4,6,5
474,11,32,16,74,2,3,6,3,4,4,6,2,5,5,2,6,5,4,5,4,6,2
475,11,32,17,71,4,3,6,6,2,3,5,3,6,5,6,3,6,2,4,2,3,2
476,11,32,18,72,4,6,5,4,5,5,4,5,2,3,4,4,4,2,5,2,4,4
477,11,32,19,61,4,2,3,4,2,4,3,2,3,6,5,3,2,4,2,6,2,4
478,11,32,20,70,3,5,6,4,5,2,4,2,3,5,3,3,5,4,5,2,3,6
479,11,32,21,71,5,5,3,6,4,3,3,6,6,7,3,6,2,3,2,3,2,2
480,11,32,22,70,6,3,4,6,2,3,4,4,2,4,3,3,6,5,2,4,4,5
481,12,33,28,67,4,4,3,4,3,2,3,5,4,3,4,4,3,5,6,2,2,6
482,12,33,29,76,4,6,2,5,4,3,5,6,3,7,6,6,4,2,2,4,3,4
483,12,33,30,71,6,5,6,3,2,2,7,4,2,3,4,4,6,4,2,2,5,4
484,12,33,1,77,5,5,4,6,3,3,4,4,3,7,6,3,3,3,5,6,2,5
485,12,33,2,71,4,4,4,6,3,3,5,5,2,6,5,2,2,4,5,6,2,3
486,12,33,3,74,6,5,2,5,4,4,4,5,5,4,6,2,6,2,2,5,5,2
487,12,33,4,69,3,5,2,2,4,4,7,3,3,7,4,2,5,3,2,5,2,6
488,12,33,5,68,3,6,3,4,2,5,7,4,2,3,5,4,6,3,4,3,2,2
489,12,33,13,71,4,3,2,5,4,6,6,4,3,4,2,4,4,3,3,6,5,3
490,12,33,14,67,4,5,2,5,4,5,4,3,2,4,4,5,2,5,2,4,5,2
491,12,33,15,78,5,2,6,6,4,3,5,5,3,3,4,4,5,2,5,6,6,4
492,12,33,16,84,3,6,4,6,4,6,5,4,5,4,6,6,2,2,6,6,6,3
493,12,33,17,78,4,4,6,4,5,6,7,3,3,3,6,4,3,3,6,3,3,5
494,12,33,18,66,5,2,2,3,2,4,7,6,2,6,5,5,2,3,4,2,4,2
495,12,33,19,80,3,6,6,2,5,3,5,5,6,4,4,6,3,5,3,5,6,3
496,12,34,28,85,5,5,6,2,5,6,3,5,4,7,2,5,5,4,5,5,6,5
497,12,34,29,75,4,4,5,6,3,3,6,3,6,4,5,5,3,4,3,6,2,3
498,12,34,30,74,2,2,3,4,5,6,4,4,6,5,4,3,3,5,6,5,4,3
499,12,34,1,68,2,2,3,4,2,4,6,2,2,5,5,4,3,3,6,5,6,4
500,12,34,2,79,2,6,6,2,3,5,7,6,4,6,4,2,4,5,3,5,3,6
501,12,34,3,79,3,5,6,3,2,4,6,2,5,6,6,4,5,3,4,6,5,4
502,12,34,4,68,6,4,6,5,3,4,3,3,3,4,4,2,6,2,2,4,5,2
503,12,34,5,74,6,5,2,3,2,5,4,5,4,4,5,3,6,4,6,5,2,3
504,12,34,13,80,5,3,3,5,3,6,6,4,6,6,5,3,6,5,4,3,4,3
505,12,34,14,77,3,6,6,3,3,5,4,6,4,7,5,5,5,2,4,4,2,3
506,12,34,15,74,4,5,4,6,4,2,7,2,2,7,3,3,3,5,5,4,4,4
507,12,34,16,65,2,2,6,5,4,5,3,6,2,4,2,2,2,4,6,4,2,4
508,12,34,17,78,3,4,2,5,2,6,4,5,3,4,5,6,3,3,5,6,6,6
509,12,34,18,74,4,3,5,5,2,5,7,5,6,3,5,3,2,4,4,4,2,5
510,12,34,19,75,4,4,6,2,2,4,4,2,6,7,4,4,3,4,5,5,6,3
511,12,35,28,77,3,3,4,6,5,5,3,5,5,5,2,6,6,5,3,3,5,3
512,12,35,29,76,4,3,2,2,4,2,7,4,6,5,5,6,2,4,6,4,6,4
513,12,35,30,73,6,5,2,2,3,6,7,5,5,5,3,3,2,4,2,4,3,6
514,12,35,1,69,6,5,4,6,4,3,4,2,3,4,6,3,2,4,2,5,2,4
515,12,35,2,76,3,5,4,4,2,6,3,5,4,4,5,3,5,2,3,6,6,6
516,12,35,3,83,5,5,6,4,2,6,7,6,3,6,6,6,3,2,4,2,6,4
517,12,35,4,76,5,3,5,4,4,6,6,6,3,3,2,6,5,4,3,3,4,4
518,12,35,5,75,6,4,2,6,4,4,7,3,2,5,3,6,2,5,5,3,6,2
519,12,35,13,79,4,5,5,5,2,4,6,4,4,6,6,2,4,2,6,3,5,6
520,12,35,14,79,4,4,5,6,5,6,5,6,4,6,6,2,3,3,3,4,5,2
521,12,35,15,74,5,2,6,6,5,4,5,3,6,5,3,5,3,2,4,2,3,5
522,12,35,16,75,2,3,6,5,4,5,7,5,3,7,2,3,3,2,5,5,4,4
523,12,35,17,60,2,5,5,4,4,2,5,3,3,3,2,3,2,3,3,2,5,4
524,12,35,18,84,4,3,4,6,3,4,5,5,3,7,6,4,5,5,3,5,6,6
525,12,35,19,76,5,2,5,3,3,5,7,3,5,7,2,6,3,2,2,6,5,5
526,12,36,28,78,4,3,5,4,3,5,5,6,4,6,2,5,6,3,4,4,4,5
527,12,36,29,70,4,3,3,3,2,5,5,3,2,7,5,2,6,2,5,3,6,4
528,12,36,30,78,3,3,6,2,5,4,5,4,3,7,6,4,6,3,4,5,3,5
529,12,36,1,71,3,4,2,3,5,2,7,4,3,5,5,4,6,3,2,4,6,3
530,12,36,2,69,6,2,5,6,4,3,4,6,6,4,2,2,5,2,5,3,2,2
531,12,36,3,74,6,4,4,4,4,4,6,3,5,3,3,5,4,5,2,3,4,5
532,12,36,4,77,3,3,6,5,5,5,5,3,6,7,3,3,4,4,4,2,3,6
533,12,36,5,70,6,3,2,3,5,2,6,2,2,3,6,5,5,5,3,3,6,3
534,12,36,13,72,3,4,4,5,2,4,6,4,4,4,2,5,3,2,5,5,5,5
535,12,36,14,67,3,6,4,4,3,2,5,2,2,3,4,3,6,4,5,3,6,2
536,12,36,15,78,5,3,6,6,5,6,4,4,4,6,2,2,2,2,6,5,4,6
537,12,36,16,81,2,6,4,4,4,5,6,2,5,3,5,4,6,5,6,6,4,4
538,12,36,17,66,6,6,2,6,2,2,4,2,2,3,4,4,2,4,4,5,4,4
539,12,36,18,68,3,3,4,6,2,2,4,5,6,5,4,4,3,2,5,6,2,2
540,12,36,19,77,2,5,3,6,4,2,6,6,3,7,6,5,3,3,4,2,5,5
541,13,37,25,72,5,5,6,5,3,2,2,2,4,5,6,6,3,2,2,5,4,5
542,13,37,26,77,2,6,6,6,2,2,4,4,4,4,7,6,4,5,4,3,6,2
543,13,37,27,68,3,3,3,3,2,3,4,6,3,5,6,6,3,2,3,3,4,6
544,13,37,28,84,5,3,6,5,6,6,3,5,3,6,6,6,3,4,5,6,2,4
545,13,37,29,84,5,5,5,3,5,6,2,6,4,4,7,6,4,6,4,2,4,6
546,13,37,30,76,4,2,6,6,3,3,3,6,3,4,6,6,5,2,3,6,5,3
547,13,37,1,72,6,5,2,3,4,5,5,6,2,2,3,6,6,2,3,2,5,5
548,13,37,2,68,3,5,3,3,6,3,4,2,4,4,6,5,3,4,3,4,3,3
549,13,37,10,71,4,2,5,7,3,3,4,4,5,4,6,2,4,3,2,5,5,3
550,13,37,11,70,5,3,2,3,3,4,4,4,4,3,6,2,4,4,3,5,6,5
551,13,37,12,78,2,6,5,6,6,2,4,6,2,2,5,3,6,3,3,6,6,5
552,13,37,13,84,2,4,6,5,6,5,5,5,5,6,4,5,3,4,5,3,5,6
553,13,37,14,77,4,4,4,5,6,5,3,5,5,6,3,6,3,3,3,3,3,6
554,13,37,15,71,6,5,2,6,2,3,4,2,2,6,6,5,4,3,3,4,6,2
555,13,37,16,78,6,6,4,5,4,5,3,6,5,6,3,3,3,3,2,4,4,6
556,13,38,25,79,2,4,5,6,4,4,4,3,5,6,7,6,4,2,5,4,4,4
557,13,38,26,86,6,5,3,7,2,6,5,2,6,6,7,5,5,5,2,6,3,5
558,13,38,27,72,5,4,5,5,3,3,2,6,6,3,6,3,4,5,3,3,3,3
559,13,38,28,70,3,2,6,4,5,4,4,2,2,3,5,5,3,5,3,4,5,5
560,13,38,29,69,6,2,3,3,3,5,2,3,6,5,4,4,4,3,2,6,3,5
561,13,38,30,82,6,4,6,5,5,2,5,6,3,4,7,6,3,4,2,4,6,4
562,13,38,1,71,3,3,2,4,5,4,2,6,4,2,6,6,6,3,4,4,5,2
563,13,38,2,73,2,4,2,5,3,5,5,4,6,2,7,4,6,3,4,3,5,3
564,13,38,10,86,5,6,5,7,6,4,2,2,6,2,7,3,6,4,5,6,5,5
565,13,38,11,73,5,2,4,6,6,2,2,5,2,3,4,6,6,2,4,6,6,2
566,13,38,12,69,6,2,3,4,5,2,5,6,6,5,3,4,2,2,3,3,6,2
567,13,38,13,74,2,6,5,6,3,5,3,4,6,2,6,2,5,5,5,5,2,2
568,13,38,14,68,6,3,2,4,4,2,4,2,5,4,6,5,3,3,4,5,2,4
569,13,38,15,70,3,5,6,4,3,5,4,6,4,5,6,2,2,3,2,4,4,2
570,13,38,16,78,6,5,5,5,5,5,4,3,6,3,4,2,6,2,5,5,5,2
571,13,39,25,68,4,6,3,7,4,2,3,5,6,2,3,4,3,3,3,2,3,5
572,13,39,26,74,5,3,6,5,5,6,4,6,2,2,3,3,3,4,5,6,2,4
573,13,39,27,68,2,2,4,6,5,2,4,5,3,3,5,5,5,5,4,2,3,3
574,13,39,28,76,4,2,6,6,5,3,3,4,5,6,3,4,6,6,2,3,4,4
575,13,39,29,69,2,3,6,6,4,6,5,3,3,3,4,5,4,4,3,2,4,2
576,13,39,30,65,5,3,3,3,4,4,2,4,3,6,3,2,2,5,3,6,2,5
577,13,39,1,74,3,4,5,3,3,3,4,4,3,5,6,2,6,6,3,6,5,3
578,13,39,2,73,2,5,2,5,5,2,5,6,4,2,7,5,6,3,2,5,4,3
579,13,39,10,75,4,5,2,5,2,4,2,5,4,3,6,6,3,5,4,5,6,4
580,13,39,11,84,3,5,5,7,4,5,4,4,4,5,7,6,6,4,3,3,3,6
581,13,39,12,74,3,6,6,4,3,2,3,5,4,4,6,5,5,6,2,4,4,2
582,13,39,13,71,4,4,5,4,4,3,4,5,5,5,4,3,5,3,4,2,2,5
583,13,39,14,69,5,3,5,4,5,3,2,6,5,3,6,4,2,3,2,6,2,3
584,13,39,15,74,6,2,6,5,3,2,2,3,5,2,6,5,6,6,4,4,4,3
585,13,39,16,71,3,3,6,3,5,4,5,5,3,2,4,6,3,4,2,5,6,2
586,14,40,22,81,6,5,3,5,4,6,5,2,5,6,7,6,5,3,3,2,3,5
587,14,40,23,77,5,6,4,5,4,6,5,4,6,6,3,4,2,3,2,3,5,4
588,14,40,24,79,3,4,2,7,3,6,3,5,3,6,5,6,6,6,4,2,5,3
589,14,40,25,63,6,3,2,5,2,3,5,4,2,4,5,3,5,2,3,2,5,2
590,14,40,26,76,5,6,3,6,3,4,3,4,6,3,5,4,4,5,4,3,2,6
591,14,40,27,77,5,5,2,7,3,2,2,6,6,5,4,4,4,6,3,4,6,3
592,14,40,28,75,5,6,6,4,4,3,4,3,6,5,4,6,3,2,3,3,2,6
593,14,40,29,80,3,5,5,5,4,4,3,5,6,2,6,4,5,5,3,4,6,5
594,14,40,7,84,4,6,6,6,4,6,5,3,3,5,4,6,6,3,5,3,3,6
595,14,40,8,76,3,6,6,5,2,4,5,3,4,4,4,6,4,3,3,6,5,3
596,14,40,9,69,3,5,2,5,5,6,3,3,5,5,6,4,2,3,2,3,5,2
597,14,40,10,71,6,5,2,5,5,3,2,3,3,6,6,4,6,2,2,6,3,2
598,14,40,11,75,4,5,5,7,5,3,5,2,6,3,4,2,6,3,4,6,2,3
599,14,40,12,70,2,3,3,5,5,4,2,4,5,2,5,3,6,5,4,5,5,2
600,14,40,13,72,5,5,3,3,5,4,2,6,2,4,7,4,3,4,2,5,4,4
601,14,41,22,74,6,5,5,6,5,4,2,2,6,4,5,3,6,4,2,4,2,3
602,14,41,23,81,5,4,4,7,2,3,3,6,4,5,5,5,6,4,2,6,6,4
603,14,41,24,71,6,5,2,7,4,3,2,4,3,5,7,3,3,5,2,6,2,2
604,14,41,25,88,5,6,2,7,4,5,3,2,6,6,6,6,5,6,3,6,5,5
605,14,41,26,75,4,6,6,3,2,2,4,6,5,3,4,6,4,6,2,2,4,6
606,14,41,27,60,2,4,2,5,2,3,2,3,4,5,3,3,2,5,2,3,4,6
607,14,41,28,77,5,5,5,7,2,3,3,3,2,6,6,4,3,5,5,2,6,5
608,14,41,29,75,6,3,5,5,6,4,5,4,3,4,4,4,4,6,5,3,2,2
609,14,41,7,59,5,2,3,4,3,4,3,2,2,3,4,2,3,5,4,4,4,2
610,14,41,8,76,6,2,5,6,3,6,3,2,4,3,3,2,5,6,3,5,6,6
611,14,41,9,73,6,5,5,4,2,5,3,6,4,2,7,2,2,5,4,4,3,4
612,14,41,10,66,4,2,3,3,6,5,2,6,2,4,3,5,2,6,3,4,2,4
613,14,41,11,81,6,5,4,7,6,4,4,4,2,6,6,3,5,2,5,3,4,5
614,14,41,12,70,4,3,2,4,5,6,3,6,4,3,4,3,3,2,4,5,4,5
615,14,41,13,61,2,2,3,4,2,3,3,3,6,3,3,6,6,4,4,2,2,3
616,14,42,22,78,5,6,4,7,6,3,5,6,5,2,5,3,2,3,2,5,3,6
617,14,42,23,73,3,5,3,4,5,4,2,6,4,2,3,2,5,5,3,6,6,5
618,14,42,24,69,3,2,3,5,3,3,5,4,5,6,3,2,5,4,5,4,4,3
619,14,42,25,80,6,6,6,4,6,4,3,6,2,2,6,5,4,3,3,2,6,6
620,14,42,26,82,6,5,5,7,5,5,5,2,2,6,7,2,3,5,5,4,2,6
621,14,42,27,81,6,2,3,6,5,4,5,6,6,2,7,3,4,3,5,5,6,3
622,14,42,28,76,2,3,2,3,6,6,3,6,6,3,6,3,4,3,5,6,4,5
623,14,42,29,70,4,3,5,6,6,3,3,2,6,2,5,5,4,2,3,6,2,3
624,14,42,7,77,3,2,3,5,5,6,3,4,6,6,7,3,6,5,3,2,5,3
625,14,42,8,62,3,2,6,6,3,5,2,2,2,2,4,4,6,5,2,2,4,2
626,14,42,9,80,5,3,3,6,6,5,3,6,6,5,6,5,5,2,3,2,5,4
627,14,42,10,77,6,3,6,4,6,5,5,2,2,5,3,5,2,4,4,6,6,3
628,14,42,11,69,4,3,2,7,6,4,5,4,2,3,4,2,2,3,3,4,6,5
629,14,42,12,82,5,6,4,4,5,5,4,6,3,6,3,2,6,4,5,5,6,3
630,14,42,13,75,5,6,6,3,3,4,4,3,2,2,7,4,5,6,5,4,4,2
631,14,43,22,71,4,5,3,7,4,2,5,2,3,3,5,3,4,5,5,2,3,6
632,14,43,23,78,4,3,4,7,3,6,4,6,4,5,3,5,4,3,3,3,6,5
633,14,43,24,69,4,2,2,5,5,5,3,5,4,5,3,6,4,2,5,3,4,2
634,14,43,25,76,5,6,3,7,2,6,4,4,2,2,5,3,4,3,5,4,5,6
635,14,43,26,76,4,3,6,5,6,6,5,3,5,5,4,3,2,2,4,5,2,6
636,14,43,27,71,6,4,2,6,4,2,5,5,4,3,7,5,2,2,4,6,2,2
637,14,43,28,65,3,2,3,3,3,6,4,3,3,4,6,6,5,3,3,2,2,4
638,14,43,29,66,4,2,3,3,3,2,2,5,4,4,4,4,6,5,4,2,4,5
639,14,43,7,77,2,4,5,6,5,4,4,5,5,4,5,5,4,6,5,2,4,2
640,14,43,8,73,5,3,4,7,2,3,2,5,4,3,5,4,2,4,5,5,6,4
641,14,43,9,77,4,4,5,4,2,4,5,6,3,5,4,4,4,4,4,5,6,4
642,14,43,10,79,6,5,2,7,4,3,5,5,2,6,7,3,4,5,3,4,4,4
643,14,43,11,70,5,2,6,5,3,2,4,2,4,2,3,4,6,2,5,6,4,5
644,14,43,12,85,6,5,6,5,6,5,5,5,3,6,4,2,4,5,3,5,4,6
645,14,43,13,70,2,2,6,3,6,4,3,6,2,2,5,2,4,4,2,6,6,5
646,15,44,19,63,2,2,5,5,3,2,2,3,3,2,7,5,5,4,2,4,4,3
647,15,44,20,75,4,4,6,6,6,4,3,2,5,6,7,6,3,2,3,2,3,3
648,15,44,21,73,2,4,2,7,6,4,3,3,2,3,7,5,3,6,3,5,6,2
649,15,44,22,79,5,2,6,6,3,3,5,5,3,4,5,6,5,4,2,4,6,5
650,15,44,23,81,4,2,5,7,5,4,4,5,3,5,7,5,3,6,4,5,3,4
651,15,44,24,68,4,3,6,4,5,6,4,3,2,5,6,4,2,4,2,2,4,2
652,15,44,25,82,5,6,2,5,2,4,3,5,3,2,6,5,6,5,5,6,6,6
653,15,44,26,63,5,2,2,4,2,2,2,3,6,3,6,3,3,3,4,4,5,4
654,15,44,4,67,2,5,2,7,5,4,2,6,4,4,6,5,3,4,2,2,2,2
655,15,44,5,65,4,2,2,6,2,2,3,5,2,4,3,3,6,6,5,5,3,2
656,15,44,6,75,4,3,4,7,2,5,3,4,3,2,7,4,6,6,2,5,3,5
657,15,44,7,71,6,4,6,3,2,4,2,5,6,4,6,2,2,5,4,3,4,3
658,15,44,8,68,4,3,3,5,5,2,4,5,3,5,3,6,2,5,5,3,2,3
659,15,44,9,79,6,3,5,5,6,5,2,5,6,2,3,5,5,4,4,5,2,6
660,15,44,10,70,4,3,4,4,2,4,2,2,6,5,7,4,4,5,4,4,3,3
661,15,45,19,82,3,5,5,6,3,6,3,6,4,6,6,6,3,2,3,4,6,5
662,15,45,20,77,3,3,5,5,4,5,4,5,4,2,5,5,5,3,5,6,3,5
663,15,45,21,83,3,4,5,3,4,6,4,6,5,4,3,5,5,5,5,4,6,6
664,15,45,22,78,6,4,4,3,6,4,2,5,2,2,5,6,5,5,5,6,5,3
665,15,45,23,79,2,4,5,7,5,6,5,3,5,5,7,5,5,3,2,6,2,2
666,15,45,24,73,5,4,4,3,3,2,5,2,6,5,3,4,3,6,3,6,3,6
667,15,45,25,69,2,6,4,3,5,5,3,2,4,3,7,3,5,3,3,2,3,6
668,15,45,26,83,5,6,6,5,6,2,4,2,2,5,5,6,6,4,4,5,6,4
669,15,45,4,74,2,4,5,5,5,3,2,2,2,6,6,4,6,4,3,6,6,3
670,15,45,5,74,3,6,4,4,3,4,3,6,4,6,4,2,3,4,5,5,4,4
671,15,45,6,85,5,5,2,5,4,6,4,4,5,5,7,5,4,6,5,2,5,6
672,15,45,7,75,6,4,4,7,4,5,4,3,5,5,4,3,4,3,3,4,2,5
673,15,45,8,74,5,2,4,6,4,6,4,5,3,3,6,4,4,3,5,4,4,2
674,15,45,9,65,6,5,3,6,3,2,3,3,4,3,3,2,4,4,5,4,2,3
675,15,45,10,73,5,5,5,6,3,3,2,6,2,4,5,5,6,5,4,3,2,2
